Category,Component,Qty,Price (Rs),Total (Rs),Supplier
Detection,Raspberry Pi 4B 4GB,1,8000,8000,Robu.in
Detection,Camera Module 3,1,3500,3500,Element14
Detection,MPU-6050 IMU,1,400,400,Amazon India
Detection,NEO-8M GPS,1,1200,1200,Robu.in
Detection,BMP280 Barometer,1,400,400,Amazon India
Deterrent,CREE XM-L2 LED,4,500,2000,LED World India
Deterrent,LED Driver Circuit,4,500,2000,Local PCB
Deterrent,20W Speaker,1,3500,3500,Prime ABGB
Deterrent,Audio Amplifier,1,2500,2500,Amazon India
Deterrent,Reflective Tape,8,100,800,3M India
Control,ESP32-S3 DevKit,1,2500,2500,Robu.in
Control,3S LiPo Battery,1,3500,3500,Quadkopters India
Control,Power Management,1,2200,2200,Amazon India
Communication,LoRa Module,1,1500,1500,Robu.in
Communication,LoRa Antenna,1,300,300,Amazon India
Mechanical,Carbon Fiber Plates,2,1000,2000,Local Supplier
Mechanical,Enclosures,2,1150,2300,Local Supplier
Mechanical,Hardware,1,1000,1000,Local Hardware
Development,Tools and Testing,1,5000,5000,Various
Miscellaneous,Accessories,1,1500,1500,Various
,,TOTAL,,47700,
,,BUDGET,,50000,
,,REMAINING,,2300,
